0,book,0,10,《别告诉我你懂ppt》
0,book,0,0,《
0,book,24,31,《让营销更性感》
0,position,33,34,作者
0,name,35,36,李治
0,name,38,40,liz
0,book,58,68,《别告诉我你懂ppt》
1,position,3,19,河南珍宝艺术文物书画司法鉴定所所长
1,position,21,33,国家文物艺术品司法鉴定专家
1,position,35,44,河南省现代艺术院院长
1,position,58,60,书画家
2,scene,3,5,长滩岛
3,position,63,64,作家
3,name,65,67,李惟七
3,book,73,78,《天下不帅》
3,book,79,84,《以貌娶人》
4,position,0,9,网络媒体人导演摄影师
4,position,67,83,gzipp广告专业摄影师委员会会员
4,name,84,86,林肇生
4,position,92,99,首席技术官cto
5,position,0,49,中国书法家协会会员北京书法家协会理事北[UNK]篆刻委员会委员中国佛教书画院院士中国美术家电视台书画院付院长
5,position,64,68,艺术总监n
5,position,70,70,中
5,position,76,80,书法篆刻家
5,position,82,90,中国书法家协会会员
6,position,22,23,教授
6,position,25,25,人
6,position,28,32,高研班导师
6,position,34,42,陕西唐人书画院院长
6,name,70,71,孙光
6,position,73,82,中国美协培训中心特聘
6,position,83,84,教授
6,position,86,94,陕西唐人书画院院长
6,position,96,106,中国意彩仕女画派创始人
7,name,5,5,小
7,position,66,68,小画家
7,organization,86,86,村
8,company,4,12,重庆君融律师事务所
8,position,8,9,律师
8,name,15,16,董浩
8,government,49,51,人居委
8,government,53,55,乌审旗
8,government,72,83,武汉市国土房产局二级单位
8,government,84,94,武汉市国土房产测绘中心
8,book,98,98,长
8,name,112,115,纳博科夫
8,movie,117,121,《洛丽塔》
8,movie,125,125,《
8,address,135,136,香港
9,position,39,40,教师
10,position,12,16,职业经理人
10,position,25,25,佛
10,scene,38,41,香格里拉
11,address,19,22,金贸中心
12,organization,0,7,美国项目管理协会
12,position,14,25,全国房地产经理人联盟理事
12,position,58,67,资深项目管理专家顾问
12,name,68,70,兰国胜
13,position,0,3,香港演員
13,name,4,6,朱咪咪
13,name,25,27,鐘志佳
13,position,49,52,香港演员
13,name,53,55,朱咪咪
13,movie,60,65,《陀枪师姐》
13,movie,67,74,《金装四大才子》
14,movie,28,28,抹
14,movie,36,39,家遇房小
14,movie,41,43,女人的
14,name,50,51,童仝
15,position,0,8,台湾影视歌三栖艺人
15,movie,10,10,《
15,movie,21,21,《
15,name,50,50,吕
16,book,56,61,每日经济新闻
16,position,64,64,行
16,position,67,68,记者
17,position,6,8,董事长
17,book,10,19,《中国地产》http
17,company,55,62,北京时间传媒公司
17,position,63,67,执行董事、
18,position,55,55,內
19,address,6,7,加拿
19,name,11,12,乔尔
19,game,48,58,kinect体感运动会
20,position,15,16,舞者
20,position,18,21,談判專家
21,position,0,0,东
21,position,12,21,成都徐悲鸿画院秘书长
21,position,23,30,中华全国青联委员
21,address,56,58,维也纳
21,position,72,82,国家一级演员青年歌唱家
22,game,2,7,《魔兽世界》
22,name,23,25,雅各布
22,organization,46,47,仙奴
22,organization,59,60,意甲
22,position,108,109,画家
23,name,15,17,陆俨少
23,book,25,30,《雁荡瀑布》
23,government,70,75,最高人民法院
23,address,203,204,泗水
24,organization,0,11,中国国际象棋协会(cca
24,organization,42,46,chess
24,organization,55,65,中国国际象棋协会常青藤
25,position,63,65,管理者
25,organization,71,79,国家行政学院进修部
25,position,83,85,副处长
26,position,0,1,80
26,position,6,12,广东省作协会员
26,movie,17,25,《假如不曾说再见》
26,movie,27,31,《我的世界
26,book,39,45,《六月的青橙》
26,movie,61,69,《尼姑庵里的爱情》
26,position,72,73,作家
26,book,75,81,《六月的青橙》
27,company,71,80,上海泓盛拍卖有限公司
29,organization,5,6,拜仁
29,organization,5,6,拜仁
29,position,41,53,中国传统文化促进会副秘书长
29,position,55,65,中国风水策划院执行院长
29,position,67,77,中华周易研究会副会长兼
29,position,78,80,秘书长
29,position,86,87,记者
29,name,88,89,马力
29,position,106,108,大学生
29,game,124,131,《水晶骷髅王国》
30,movie,3,10,《那些年那些事》
30,movie,11,16,《完美丈夫》
30,name,17,19,钟汉良
30,movie,21,27,《天涯明月刀》
30,movie,28,32,《胜利者》
30,name,33,35,吴奇隆
30,movie,37,44,《新白发魔女传》
30,position,46,49,制片主任
30,movie,54,62,《那些年，那些事》
30,movie,63,68,《完美丈夫》
30,movie,69,75,《天涯明月刀》
30,position,77,80,制片主任
31,name,42,43,st
31,position,58,59,作家
31,position,61,62,编剧
31,movie,67,74,《后宫·甄嬛传》
32,book,15,18,《號外》
32,position,21,22,主編
32,book,26,32,《聲音與憤怒》
32,book,34,40,《時代的噪音》
32,book,34,34,《
32,position,69,73,台湾作家、
33,position,33,37,篮球运动员
33,position,39,45,粤语节目主持人
33,address,50,50,广
34,organization,0,38,lionsclubinternational国际狮子会d385区北京希望服务队
34,position,52,52,副
35,company,83,98,河南华豫兄弟动画影视制作有限公司
35,position,99,99,执
36,name,0,2,邵中革
36,government,8,16,灵宝公安局故县分局
36,position,17,17,主
36,position,21,23,副局长
36,organization,31,38,洛阳人民警察学校
36,address,74,83,河南省三门峡市灵宝市
36,position,84,85,民警
37,position,11,15,酒店摄影师
37,position,31,31,时
37,name,73,73,毛
38,company,13,16,砚峰书院
38,company,65,68,正大集团
38,position,69,71,副总裁
39,game,1,2,魔兽
40,name,0,1,汪洋
40,position,3,6,旅美作家
40,position,8,15,中国作家协会会员
40,position,17,23,鲁院高研班学员
40,government,39,39,美
41,position,2,2,日
41,name,9,10,麗華
41,organization,53,53,日
41,name,69,70,愛華
41,name,71,72,si
41,name,78,79,麗華
41,name,81,82,蒼一
42,position,16,18,教授～
42,position,19,27,中國美術家協會會員
42,organization,29,32,北京大學
42,organization,44,49,中央美術学院
42,organization,59,66,河北省國画研究院
42,position,67,69,研究員
42,name,71,73,白联晟
42,position,91,92,教授
43,position,5,6,声优
43,position,13,17,coser
43,position,43,53,cosplay媒体策划
43,company,55,57,apt
43,position,86,97,cosplay媒体策划人
44,company,41,50,北京华狮电影娱乐公司
45,position,0,4,coser
45,position,6,7,平面
45,position,9,10,主持
45,organization,1,2,os
45,organization,70,71,cj
46,movie,6,6,《
46,movie,64,68,《十三钗》
47,address,49,51,北京市
47,government,65,68,市住建委
47,position,69,73,新闻发言人
47,name,74,76,徐志军
47,game,105,109,《仙剑5》
47,government,123,124,央行
47,company,170,175,工行纽约分行
48,government,0,8,扬州市宝应县公安局
48,position,9,12,法制民警
48,government,57,68,扬州市宝应县公安局法制科
48,position,69,70,民警
48,name,71,71,乔
49,position,41,43,代言人
49,government,66,73,嘉兴市环境保护局
49,position,74,78,副处调研员
50,government,4,8,英龙警务室
50,government,70,82,福建莆田市公安局镇海派出所
50,position,83,84,民警
51,company,2,5,华润置地
51,company,18,26,北京）股份有限公司
51,position,27,30,营销经理
51,name,31,32,马?
51,game,50,51,魔兽
51,company,62,68,招行信用卡中心
51,position,69,69,工
51,position,77,78,记者
51,company,80,81,招行
51,game,116,120,星际争霸2
52,game,12,21,《电子世界争霸战2》
53,company,4,8,农村信用社
54,position,0,0,专
54,company,10,13,银联商务
54,position,23,24,常委
54,position,26,30,常务副市长
54,name,31,33,苏泽群
54,address,47,48,广州
55,organization,3,4,香港
55,movie,0,-1,[UNK]
55,movie,22,28,東山飄雨西關情
55,movie,0,-1,[UNK]
55,movie,0,-1,[UNK]
56,organization,3,9,长春市集邮协会
56,position,17,18,记者
57,organization,8,10,克拉科
58,game,5,12,《暗黑破坏神3》
58,company,43,46,花旗银行
58,company,55,58,中国银行
58,address,61,62,香港
59,movie,37,42,《半步天涯》
59,movie,44,48,《去爱吧》
59,position,52,53,作家
59,movie,60,65,《半步天涯》
59,movie,67,71,《去爱吧》
59,movie,73,78,《临界爱情》
60,position,58,67,四川省摄影家协会会员
60,company,69,78,景谷文化传播有限公司
60,company,80,86,中国摄影旅游网
60,position,87,89,负责人
61,company,50,59,上海实业城市开发集团
62,movie,51,56,《生化危机》
62,movie,62,68,《生化危机4》
62,address,92,93,北京
62,address,95,96,上海
62,address,98,99,广州
62,address,101,102,成都
63,name,6,8,馬念先
63,position,15,16,主唱
63,position,18,18,海
63,position,27,27,王
63,position,33,35,主持人
63,position,73,79,台灣知名歌手&
63,position,80,82,演員&
64,position,5,6,教主
64,movie,61,66,《半盏孤灯〉
64,movie,67,71,《路之遥〉
65,name,14,15,尧尧
65,name,17,18,健次
65,name,20,21,王浩
65,name,23,24,约翰
65,name,26,27,小鑫
65,name,43,43,刘
65,organization,84,86,mic
67,name,0,1,梁涛
67,position,22,40,新疆维吾尔自治区文物古迹保护中心主任、
67,position,41,42,书记
67,position,71,72,书记
68,position,13,25,中国美协中国画艺委会副主任
68,position,27,36,中国美协河山画会会长
68,position,38,51,李可染艺术基金会名誉副理事长
68,position,53,64,中国国家画院国画院副院长
68,position,66,78,中国美协中国画艺委会副主任
69,name,28,28,阿
69,position,63,64,歌手
70,position,0,6,清华大学副教授
70,position,45,48,机器学习
70,position,54,60,清华大学副教授
70,position,62,74,arnetminer创始人
71,movie,28,34,《中国兄弟连》
71,movie,35,40,《中国骑兵》
71,movie,41,46,《抗日奇侠》
71,name,58,59,水鸿
71,position,72,73,演员
72,company,24,25,翼图
72,position,64,67,执行总监
72,position,69,74,star总监
72,position,76,77,ds
73,address,20,26,海南省五指山市
73,position,62,68,五指山市志愿者
74,address,1,1,韩
74,name,20,25,grubby
74,movie,31,35,《阿凡龙》
75,position,0,0,法
75,address,4,8,喜马拉雅山
75,address,21,21,印
75,name,79,80,嘉旺
76,company,0,12,营口瑞祥徳食品工业有限公司
76,position,29,42,董事长营口房地产中介协会会长
76,company,59,69,立信房地产顾问有限公司
77,movie,40,48,《黑帮有个好莱坞》
77,name,49,51,秦尊文
77,scene,95,97,世博园
77,scene,127,129,世博园
78,name,2,3,威威
78,name,12,13,莉莉
78,movie,31,34,天天有喜
78,movie,36,39,深宮諜影
78,movie,41,44,女人天下
78,movie,46,49,末代皇帝
78,movie,51,54,活佛济公
78,movie,56,56,女
78,position,72,73,演员
78,name,74,76,陈威翰
78,position,78,81,知名艺人
78,movie,87,94,＜兔儿神弄姻缘＞
79,position,0,0,爱
79,book,10,14,《睿财经》
79,position,15,16,主编
79,book,10,10,《
80,position,2,5,动画编剧
80,movie,9,14,《欢乐之城》
80,movie,15,21,《神奇愿望岛》
80,movie,22,30,《小虫虫有大智慧》
80,position,59,60,编剧
80,name,61,62,郭延
80,movie,66,73,《憨八龟的故事》
80,movie,81,85,《彩之南》
80,organization,88,88,央
81,organization,0,5,杭州304社
81,position,13,19,楼兰摄影工作室
81,position,20,23,摄影总监
81,address,52,53,杭州
81,address,78,78,杭
82,position,5,7,摄影师
82,position,8,12,广告制片人
82,position,16,16,旅
82,position,82,84,摄影师
83,address,10,13,运河新城
83,address,15,16,宜居
83,address,20,20,浙
83,address,28,28,泗
84,name,2,4,柯英豪
84,address,8,17,美国南部的德克萨斯州
84,position,21,32,美国驻华大使馆新闻发言人
84,position,50,61,美国驻华大使馆新闻发言人
84,name,62,64,柯英豪
84,name,66,79,nolanbarkhouse
85,organization,0,1,三星
85,game,22,22,：
85,game,23,26,指环王》
86,position,60,62,佛光山
87,name,0,2,黄庭坚
87,book,10,14,《洛神赋》
87,name,39,40,张旭
87,address,50,51,国贸
87,government,63,73,美国航空航天局nasa
88,organization,0,8,全国体育舞蹈锦标赛
88,organization,95,95,全
89,position,0,9,香港電影美術學會會員
89,movie,25,45,蘭陵王絶愛之城烽火佳人少年四大名捕大漢情緣
89,name,46,47,陸貞
89,position,55,64,香港电影美术学会会员
89,movie,68,77,《狄仁杰之通天帝国》
89,movie,79,84,《遍地狼烟》
89,movie,89,94,《宫锁珠帘》
90,company,0,1,雅昌
90,name,6,8,张国辉
90,position,45,49,书画篆刻家
90,position,51,59,北京永昌美术馆馆长
91,organization,0,1,国米
91,organization,6,7,罗马
91,name,9,12,莫里尼奥
92,name,15,15,坚
92,address,65,65,i
92,address,67,70,yoho
92,organization,90,90,另
93,book,30,30,《
93,position,68,74,儿童歌曲创作人
94,book,0,4,《华尔街》
94,book,5,12,《季羡林自选集》
94,book,13,22,《陈志武说中国经济》
94,book,23,26,《做单》
94,book,27,33,《富豪俱乐部》
94,book,34,35,《拆
94,movie,57,62,《麦家文集》
94,company,64,71,磨铁第二编辑中心
94,book,86,91,《麦家文集》
94,book,93,97,《华尔街》
95,movie,8,13,《并非桃色》
95,movie,14,18,《官心病》
95,movie,19,22,《官赌》
95,movie,23,28,《机关男人》
95,movie,29,34,《小心女人》
95,movie,35,40,《政治生命》
95,movie,41,48,《孩子，爸爸其实
95,movie,57,62,《百年关东》
95,movie,63,67,《派出所》
96,organization,2,3,挪威
96,organization,6,7,荷兰
96,organization,26,27,荷兰
96,name,35,37,徐东华
96,position,47,49,王主任
96,organization,86,88,巴勒莫
96,organization,91,93,雷吉纳
96,game,178,183,《逍遥传说》
96,government,203,203,校
96,government,206,206,银
97,name,6,6,洛
97,address,28,28,日
98,government,11,11,农
98,government,14,14,院
99,position,4,7,特教教师
100,address,3,4,香港
100,position,12,13,记者
101,position,0,3,香港演員
101,position,5,7,基督徒
101,company,27,36,誠信娛樂發展有限公司
102,company,2,3,暴雪
102,company,7,11,gomtv
102,game,15,21,星际争霸知识产
102,organization,36,42,mundode
102,organization,51,55,世界体育报
103,book,2,14,《国外城市治理变革与经验》
103,book,19,30,《中小学生环境教育》丛书
103,book,32,51,《青少年未来领袖ceo成长书系﹒创意商》
103,book,53,65,《北京精神北京故事连环画》
103,government,69,88,北京市市政市容管理委员会固体废弃物管理处
104,position,18,18,主
104,movie,25,28,≪墨仙≫
104,movie,30,35,≪倾世皇妃≫
104,movie,37,37,新
104,movie,38,41,≪三国≫
104,movie,37,37,新
104,movie,44,48,≪上海滩≫
104,movie,50,56,≪楚留香传奇≫
104,movie,58,64,≪大旗英雄传≫
104,movie,66,71,≪神雕侠侣≫
104,movie,73,73,新
105,game,17,17,欧
105,game,19,23,魔兽争霸3
105,name,31,33,贝蒂斯
105,organization,38,39,瓦伦
105,government,75,82,张家口崇礼县政府
105,position,83,85,副县长
105,name,86,88,于有斌
105,government,124,127,人民银行
105,government,129,131,保监会
105,name,140,141,胡蝶
105,name,145,147,阮玲玉
105,movie,166,170,《白云塔》
106,position,0,8,中国摄影家协会会员
106,position,9,13,职业摄影师
106,position,36,44,中国摄影家协会会员
106,position,46,48,摄影师
106,name,49,51,王新霞
106,movie,57,60,《两小无
108,government,67,74,天津公安南开分局
108,name,75,75,李
109,position,87,92,项目总会计师
110,position,2,9,投资理财实战专家
110,position,25,33,私募基金首席研究员
110,position,48,53,投资法创始人
110,position,55,61,知名社会活动家
111,company,6,6,众
111,company,66,77,众知传媒（大连）有限公司
112,position,62,66,影视策划、
112,position,67,72,执行制片人、
113,book,0,1,商报
113,position,3,3,（
113,position,4,5,记者
113,name,6,8,崔吕萍
113,company,17,19,农商行
113,book,73,77,《后汉书》
114,game,2,5,war3
114,position,23,24,选手
115,position,0,7,美域话剧团副团长
115,position,21,25,话剧制作人
115,movie,32,40,＜＜男人如衣服＞＞
115,name,43,45,黄立行
115,movie,47,52,＜＜雷雨＞＞
115,name,55,57,周朴园
115,position,60,69,天津美域话剧团副团长
116,position,0,5,国家一级演员
116,position,7,7,中
116,position,35,35,省
116,position,56,65,兰州交通大学特聘教授
116,position,68,73,国家一级演员
116,position,75,75,中
117,government,0,4,陕西省政务
117,position,42,51,陕西省摄影家协会会员
117,government,54,69,陕西渭南市公安局临渭分局网监大队
118,position,78,80,收藏家
118,name,82,83,赵涌
119,company,45,46,搜狐
119,position,49,50,总编
119,company,53,56,新浪乐居
119,position,57,62,内容架构总监
119,company,72,85,北京爱泰比邻科技有限责任公司
119,position,86,88,董事长
120,position,55,55,作
120,name,57,57,蓝
120,movie,70,74,《步步错》
120,movie,75,79,《遗爱记》
121,government,64,75,西藏丁青县人民法院办公室
121,position,76,78,书记员
122,organization,0,2,voc
122,book,17,23,《动感新资讯》
122,organization,46,47,to
123,company,0,3,东仑传媒
123,company,8,22,北京中泰弘影视文化发展有限公司
123,position,23,25,董事长
123,position,31,31,经
123,name,34,35,小刚
123,name,58,58,李
123,position,73,74,演员
123,movie,75,78,《闪婚》
123,movie,85,91,《还珠格格1》
124,scene,1,3,龙尾玩
125,game,12,18,《上古卷轴4》
125,game,26,27,ta
125,government,43,56,住房和城乡建设部政策研究中心
125,position,57,59,副主任
125,name,60,62,王珏林
125,book,64,71,《每日经济新闻》
125,organization,88,92,valve
125,game,110,113,war3
125,government,168,168,战
125,government,170,176,空间预备指挥所
126,company,0,11,studiox摄影工作室
126,book,59,59,嘉
126,position,74,78,时尚摄影师
126,name,79,81,夏彬如
126,company,83,88,x摄影工作室
127,book,0,3,最世文化
127,book,4,8,《最小说》
127,position,9,9,首
127,position,14,15,作家
127,company,52,63,上海最世文化发展有限公司
128,position,8,9,作家
128,position,11,15,电视评论员
128,movie,19,22,《背后》
128,movie,23,29,《小艾向前冲》
128,movie,30,35,《灵魂之尘》
128,movie,36,43,《不纠结的情路》
128,movie,48,52,《小希望》
128,movie,54,57,《折腾》
128,position,63,64,作家
128,name,65,66,陈岚
129,address,0,21,四川省阿坝州马尔康县松岗镇莫斯都村扎西杨果寺
129,position,29,30,主持
129,address,60,70,四川省阿坝州扎西杨果寺
130,game,9,14,《逍遥传说》
131,organization,86,87,el
132,company,67,72,云南圣灵集团
133,position,9,10,學生
133,position,12,14,足球員
133,position,18,19,模特
133,organization,24,29,香港理工大學
133,name,39,41,董之英
133,position,50,51,教練
133,organization,69,75,香港飞马足球队
133,position,76,77,球员
134,company,0,3,中国人寿
134,company,6,12,深圳市商业银行
134,company,14,19,广东发展银行
134,company,57,58,世嘉
134,company,64,69,黑曜石工作室
134,game,81,87,《阿尔法协议》
134,government,100,102,美军区
134,address,105,106,成都
134,position,110,112,营业员
134,government,124,127,锦江警方
134,company,147,150,忠清银行
134,company,159,162,宝林银行
134,company,164,167,2000
134,company,170,177,安联保险股份公司
134,game,209,213,星际争霸2
134,name,221,223,思密达
135,organization,0,0,1
135,name,13,15,boa
135,game,21,26,《特种部队》
135,scene,40,45,北沙奇圣母庙
135,scene,53,53,活
135,scene,56,59,阿贡火山
135,address,60,61,巴厘
135,scene,1,4,阿贡母庙[UNK]
135,scene,87,90,李白故里
136,position,24,27,永安警长
137,name,4,4,桔
137,name,36,39,yang
137,company,54,72,eju太立德仁公关广告传播集团eju事
138,name,0,1,徐克
138,position,2,3,导演
138,movie,7,12,《女人不坏》
138,position,20,21,导演
138,name,37,38,周迅
138,scene,46,48,海豚岛
138,scene,49,61,moretonisland
139,position,0,0,电
139,movie,7,14,《蔡李佛-宗师》
139,movie,15,20,《孤胆少年》
139,movie,21,26,《引狼入室》
139,movie,27,33,《饭团狂想曲》
139,movie,34,40,《荷花三娘子》
139,movie,41,44,《莲锁》
139,position,65,65,电
139,movie,74,81,《蔡李佛-宗师》
139,movie,82,88,《饭团狂想曲》
140,government,61,62,do
140,name,79,81,崔曼莉
140,position,83,84,作家
140,movie,88,91,《浮沉》
140,movie,92,97,《琉璃时代》
140,movie,98,104,《卡卡的信仰》
141,position,75,77,漫画家
141,name,78,79,培冬
141,book,85,85,《
142,company,0,12,北京悦宝汇汽车服务有限公司
142,position,13,15,总经理
142,organization,17,17,红
142,position,23,25,创始人
142,name,26,27,陈鹏
142,company,51,63,北京悦宝汇汽车服务有限公司
142,position,64,75,总经理红宝马俱乐部创始人
143,position,0,4,尖端漫畫家
143,movie,10,15,『有機男孩』
143,movie,17,21,『祈願花』
143,movie,23,28,『純愛視線』
143,movie,30,36,『愛戀舞色系』
143,movie,38,43,『偷心保鑣』
143,movie,38,38,『
143,movie,46,51,'闇夜神話』
143,movie,45,45,『
143,movie,56,64,'醉後決定愛上你』
143,position,66,69,台湾著名
143,position,70,72,漫画家
143,name,73,75,米絲琳
143,movie,87,95,《醉后决定爱上你》
143,movie,96,101,《偷心保镖》
144,organization,1,2,科隆
144,organization,17,18,na
146,position,0,4,tvb演員
146,address,85,85,香
148,address,11,17,西九龙中天地举
149,organization,12,18,复旦大学经济系
149,position,20,20,中
149,position,32,36,高级经济师
150,organization,0,5,加拉塔萨雷队
150,organization,8,13,梅塔利斯特队
151,organization,0,2,全经联
151,position,38,39,re
151,company,46,59,兴义市汇鑫房地产开发有限公司
152,movie,21,27,《阳光小美女》
152,movie,30,30,《
153,book,0,5,《三分墨影》
153,organization,38,42,中央电视台
153,book,43,48,《今日说法》
153,address,55,55,美
153,book,71,76,《三分墨影》
153,position,77,78,作者
154,address,1,5,北京张家口
154,address,7,8,大同
154,position,11,11,军
155,address,39,40,ci
155,name,47,47,k
155,position,64,66,漫画家
155,position,68,70,插画家
155,name,58,59,西达
155,name,81,83,范圣芝
155,name,85,89,范仲淹28
156,government,8,11,住保部门
156,name,55,57,张新颖
156,book,58,66,《沈从文的前半生》
156,scene,82,89,siladen岛
157,name,16,19,koko
157,organization,65,66,胜思
158,name,28,30,黃怡玲
158,position,119,124,台湾流行歌手
159,organization,3,6,凯尔特人
160,game,12,17,天下3太虚观
160,position,18,18,脑
160,name,75,75,尘
161,name,2,4,章金莱
161,address,9,10,上海
161,address,15,16,北京
161,address,18,19,绍兴
161,organization,77,85,中国电视剧制作中心
161,position,86,87,演员
162,address,24,31,上地信息产业基地
162,address,33,38,中关村科技园
162,address,40,45,大望京商务区
162,organization,60,63,费耶诺德
162,game,88,93,《变形金刚》
162,game,95,99,《x战警》
162,movie,117,122,《魔法奇缘》
162,government,131,134,日本政府
162,company,172,175,邮储巨网
162,organization,197,199,拉齐奥
162,company,201,207,eurobet
163,position,0,1,85
163,government,69,80,四川省德阳市中江县公安局
164,name,62,62,陈
164,company,64,76,杭州万泰房地产开发有限公司
165,company,55,71,北京银地联合房地产土地评估有限公司
166,position,0,3,粤剧演员
166,movie,10,14,《重案组》
166,movie,31,36,《大话西游》
166,position,39,39,唐
166,name,61,61,t
166,position,79,83,香港男艺人
166,movie,87,92,《大话西游》
166,position,96,97,唐僧
167,address,3,3,肯
167,organization,47,54,infinity
167,game,65,71,《使命召唤6》
168,address,64,67,高桥新城
168,address,69,70,荷兰
169,movie,4,9,《十二生肖》
169,movie,10,17,《舌尖上的中国》
169,movie,18,23,《精忠岳飞》
169,name,28,30,黄晓明
169,movie,36,42,《富春山居图》
169,position,80,88,著名青年音乐作曲家
170,position,0,1,著名
170,position,2,7,小提琴艺术家
170,position,84,87,小提琴家
171,company,0,13,北京完美建信影视文化有限公司
171,position,14,16,经纪人
171,name,18,20,任力威
171,position,50,53,话剧演员
171,name,54,56,赵晓苏
171,movie,60,68,《空中花园谋杀案》
173,company,32,35,交通银行
173,address,45,48,大涌镇红
173,government,99,103,海南保监局
173,address,112,113,海口
173,address,115,116,三亚
174,position,18,19,记者
174,game,54,59,《吉他英雄》
175,company,0,1,建行
175,name,6,7,姚明
175,company,24,27,科茨兄弟
175,government,51,55,英国政府颁
176,name,20,21,me
176,name,72,72,顧
176,position,84,87,唱作歌手
177,government,65,75,贵州省黔西南州委宣传部
177,position,76,80,网络科科长
178,organization,82,83,59
179,position,0,4,民间思想者
179,position,6,13,中国作家协会会员
179,position,15,15,骏
179,position,57,58,诗人
179,book,62,64,《梦中
179,book,71,76,《沙马诗选》
179,book,78,80,《虚幻
179,book,86,91,《幻影之伤》
180,address,3,4,孟买
180,position,12,13,记者
180,name,14,15,聂云
180,name,33,34,金庸
180,address,37,37,香
180,name,33,33,金
180,name,46,48,查良世
180,book,53,56,《明》系
180,position,101,102,主持
180,name,103,105,房桂岭
180,organization,116,118,桑德兰
180,organization,130,132,桑德兰
180,game,159,162,星际争霸
180,name,169,171,土豆明
180,name,173,175,黄慧明
180,movie,183,189,《兔兔大狂欢》
180,movie,191,201,《atonement）
180,name,218,219,李安
180,movie,223,227,《色，戒》
181,book,9,14,《且试天下》
181,book,16,22,《兰因·璧月》
181,book,24,29,《天霜河白》
181,book,31,36,《凤影空来》
181,book,89,94,《且试天下》
182,position,86,91,朋克摇滚乐队
183,book,0,0,《
183,position,13,17,身心灵导师
183,position,34,36,代言人
183,position,56,58,主持人
183,position,60,60,身
186,book,0,13,美国新闻周刊newsweek
186,book,17,23,朝日新闻中文网
186,book,27,34,《歌舞町案内人》
186,book,35,40,《日本有病》
186,movie,78,82,歌舞伎町案
186,position,85,85,日
187,position,0,0,音
187,name,3,4,杜昊
187,company,62,74,北京创世者传媒科技有限公司
189,name,60,60,梁
189,position,75,76,青年
189,position,77,80,京剧演员
190,position,0,5,香港福音歌手
191,position,6,7,作家
191,book,29,33,《嘿，亲爱
191,position,38,43,马来西亚作家
191,movie,48,55,《纯纯的守护神》
191,movie,56,62,《幸福的味道》
192,organization,27,30,斯托克城
192,name,39,41,蒙塔里
192,company,57,59,深发展
192,company,61,62,广发
193,position,4,5,作家
193,movie,10,19,《214度恶龙王子》
193,movie,20,26,《恋人血族馆》
193,movie,27,36,《恋爱，倒数100》
193,position,64,65,作家
193,name,66,68,米米拉
193,movie,73,81,《她和他和他和他》
195,organization,2,5,佛罗伦萨
195,organization,7,8,欧冠
195,scene,31,33,巴里岛
195,company,80,83,荷兰银行
195,movie,115,115,•
196,company,18,28,寶麗來國際娛樂有限公司
196,position,56,60,台灣演員、
196,position,61,63,主持人
198,company,0,11,烟台正点广告设计有限公司
198,position,12,12,创
198,position,28,29,创始
198,company,31,41,铭诺威服饰商贸有限公司
198,position,42,42,品
198,position,75,77,摄影师
199,government,25,26,美国
199,government,31,31,韩
199,address,40,42,日本海
199,movie,53,64,《哈利-波特与混血王子》
199,organization,71,73,维拉利
199,organization,100,102,马竞技
200,government,30,32,人居委
200,position,47,48,主席
200,name,49,51,刘明康
201,organization,47,53,上海莎莎舞蹈学
201,position,59,65,上海莎莎舞教父
202,position,8,9,导演
202,name,11,12,何平
202,movie,37,42,《天地英雄》
202,government,45,46,央行
203,government,0,5,伊朗地面部队
203,address,53,54,亚庇
203,address,56,58,仙本那
203,address,80,81,亚庇
203,game,104,109,《大明龙权》
203,position,136,137,记者
203,address,148,150,新街口
203,position,157,158,交警
203,government,168,175,【东乡县教育局】
203,address,202,207,南京路步行街
204,movie,28,38,《夜之琴女与耶稣之笛》
204,movie,39,45,《秀哉的夏天》
204,movie,46,52,《沉睡的女儿》
204,name,54,56,哥舒意
204,position,58,59,作家
204,book,64,70,《恶魔奏鸣曲》
204,book,71,81,《夜之琴女与耶稣之笛》
205,game,2,6,魔兽争霸项
205,organization,15,16,es
206,organization,36,39,香港职业
206,position,56,63,武打演员武指墨功
206,position,69,71,创始人
206,position,73,73,职
206,position,81,86,香港泰拳冠军
206,position,88,91,武打演员
206,movie,101,101,）
207,position,12,13,玩家
207,game,17,23,魔兽争霸iii
207,government,56,60,香港旅游局
208,government,15,21,广州民航管理局
208,company,40,41,国航
208,organization,46,49,亚特兰大
208,organization,64,67,那不勒斯
208,company,80,83,新浪彩票
208,position,90,91,编辑
208,game,102,104,星际2
208,government,127,129,国民党
208,government,134,136,解放军
208,position,137,137,战
208,address,164,165,南阳
208,scene,167,169,武侯祠
208,address,171,172,成都
208,scene,167,169,武侯祠
208,scene,178,179,汤阴
208,scene,181,183,岳飞庙
208,scene,185,191,济南大明湖遐园
210,book,3,11,《电脑游戏攻略》杂
210,organization,30,33,博洛尼亚
211,book,0,5,《星星诗刊》
211,position,6,10,常务副主编
211,book,14,17,《幻影》
211,book,18,25,《雪山之上的雪》
211,book,26,30,《九寨蓝》
211,book,31,35,《紫禁城》
211,address,44,47,江西瑞金
211,address,49,52,陕北延安
211,book,67,70,《长征》
211,name,73,75,龚学敏
211,position,77,78,诗人
211,book,67,67,《
211,book,96,100,《九寨蓝》
212,government,8,13,泉州市公安局
212,position,16,16,成
212,position,26,27,政委
212,position,31,37,省首批刑侦专家
212,position,39,50,泉州市警察学会第二届会长
213,name,22,23,方卓
213,name,25,26,蘇實
213,name,28,30,牟鳳彬
213,name,32,33,鄭鈞
213,name,35,36,姜武
213,name,38,39,王杰
213,name,41,42,關喆
213,name,44,45,金莎
213,name,47,47,田
213,position,73,79,知名演唱会导演
213,company,81,90,中聯傳媒股份有限公司
214,organization,13,15,桑普多
214,organization,18,21,斯图加特
214,organization,22,23,盖蒂
214,name,43,46,路易十五
214,address,80,86,丽泽金融商务区
215,company,0,7,华侨银行（中国）
215,organization,44,47,新加坡银
216,address,11,16,子君村经适房
217,position,0,1,演员
217,movie,9,14,<灯火黄昏＞
217,movie,15,20,<女人无悔＞
217,movie,21,28,＜告诉我你爱我＞
217,movie,32,32,<
217,organization,40,44,重庆电视台
217,position,59,61,主持人
217,position,63,64,演员
217,position,59,61,主持人
218,address,0,1,临沧
218,address,16,20,滇西南边陲
219,game,0,15,尖峰石阵thepinnacles
219,address,18,21,珀斯以北
219,address,29,36,南博格国家公园内
219,game,52,62,《quakelive》
219,game,95,103,《电子世界争霸战》
220,book,11,14,《简氏》
220,organization,46,48,阿森纳
221,book,36,42,《再见前半生》
221,company,51,60,河夏文化传播有限公司
221,movie,68,75,《再见.前半生》
222,position,7,9,乐评人
222,position,11,15,资深媒体人
222,position,17,22,韩中艺人统筹
222,company,60,74,星乐湖（北京）文化传媒有限公司
223,company,58,72,北京中鼎基业房地产开发有限公司
224,company,2,6,荷银亚洲业
225,company,19,22,新浪乐谷
225,company,52,65,上海游佳网络信息技术有限公司
225,position,66,68,副总裁
226,organization,4,13,纳斯达克股票交易中心
227,address,2,3,中山
228,name,21,23,李小璐
228,name,25,26,董璇
228,name,28,29,余震
228,position,34,34,明
228,position,54,56,摄影师
228,name,58,60,张艺谋
228,position,54,56,摄影师
229,company,0,1,宝钢
230,organization,24,32,清华大学互联网协会
230,position,33,34,主席
230,company,61,74,北京艺品风行国际文化有限公司
231,name,0,1,林萧
231,position,3,7,80后代表
231,position,8,9,作家
231,position,11,12,诗人
231,position,14,18,媒体评论员
231,book,33,38,《朋友别哭》
231,book,43,48,《指点江山》
231,organization,54,55,广东
231,position,63,64,80
231,position,68,69,作家
231,position,71,72,诗人
232,government,64,77,河南省息县公安局白土店派出所
233,book,0,5,《作秀为王》
233,book,7,14,《从底层滚出来》
233,position,15,16,作者
233,book,23,33,《理想到底是不是骗子》
233,book,35,42,《记者不写新闻》
233,book,44,49,《并非官话》
233,book,51,59,《未来没有城中村》
233,book,61,67,《禅悟私生活》
233,position,78,82,新闻部主任
234,position,0,2,漫畫家
234,position,4,6,插畫家
234,position,8,9,作家
234,position,21,22,主持
234,book,45,48,潮童樂園
234,book,81,81,《
235,government,54,72,杭州市公安局高新区（滨江）分局刑侦大队
235,position,73,76,副大队长
236,address,0,10,【百水家园交警服务超市
236,government,74,85,南京市公安局交管局七大队
236,position,86,87,民警
237,game,0,8,《杀手：代号47》
237,company,11,16,eidos公
237,company,63,65,深发展
237,position,67,69,副行长
237,name,70,72,刘宝瑞
237,company,82,84,深发展
237,game,98,110,《新绝代双骄之鱼戏江湖篇》
238,address,19,20,gq
238,position,49,55,蜂鸟签约摄影师
238,position,56,64,中国摄影家协会会员
238,position,65,75,中国民俗摄影家协会会员
239,name,37,37,孙
239,position,41,42,知名
239,position,43,45,插画师
239,name,37,37,孙
240,name,0,1,舍瓦
240,name,4,6,博列洛
240,organization,9,10,帕托
240,organization,30,30,辉
240,company,41,44,辉煌集团
240,position,45,48,副总经理
240,name,49,50,方总
240,scene,78,79,故宫
240,organization,100,101,热刺
240,position,105,106,中场
240,name,109,112,莫德里奇
240,address,122,125,萨克勒布
240,name,142,145,李国宝申
240,company,160,164,东亚银行股
241,scene,10,13,莫高窟门
242,government,0,4,韩国文化部
242,game,8,12,星际争霸2
242,organization,31,34,凯尔特人
242,organization,39,40,欧冠
242,company,96,97,建行
242,company,107,108,工行
243,organization,86,92,河北省太行监狱
244,company,3,5,ins
244,company,10,19,合拍文化传播有限公司
244,organization,31,31,央
244,position,47,47,作
244,movie,52,52,「
244,company,68,81,郑州合拍影视文化传播有限公司
245,organization,5,6,立博
245,organization,11,18,国米bet365
245,organization,21,22,米兰
245,government,25,26,交行
245,book,44,47,新晚报》
245,book,50,53,天方夜谭
245,book,60,66,《书剑恩仇录》
245,company,88,89,东单
245,company,94,95,华贸
245,company,100,101,国贸
245,address,112,113,北京
245,address,119,120,北京
245,game,136,142,《夺宝冒险王》
246,company,5,23,恒盛地产北京合天和信房地产开发有限公司
246,address,27,34,索维娅国际艺术村
247,game,0,4,极品飞车》
247,address,77,77,中
247,address,81,82,荷兰
249,scene,29,29,熊
249,organization,63,64,门兴
249,organization,66,67,科隆
249,movie,93,98,《全民超人》
250,organization,0,7,空政电视艺术中心
250,position,8,9,演员
250,movie,10,14,《新洛神》
250,name,15,16,甄宓
250,movie,17,22,《楚汉传奇》
250,name,23,24,虞姬
250,movie,25,31,《北方有佳人》
250,name,32,33,寄萍
250,movie,34,39,《血战长空》
250,name,40,42,马昕蓝
250,movie,43,47,《狙击手》
250,name,48,49,九儿
252,name,0,2,蔡康永
252,game,58,61,切格瓦拉
252,address,69,71,京石二
252,address,75,77,马西路
252,address,82,88,丰台的煤市口路
253,organization,72,78,湖南省川渝商会
253,position,79,81,秘书长
254,address,17,17,北
254,address,24,28,美国东海岸
254,position,57,64,旅美青年作曲家，
254,position,65,69,跨界音乐人
254,position,71,73,歌手，
254,position,74,84,耶鲁大学作曲硕士艺术家
255,movie,6,11,《热带惊雷》
256,scene,12,14,魏公愁
256,address,16,17,西郊
257,book,5,10,《遇见》杂志
257,position,11,12,主编
257,book,14,14,起
257,book,27,36,《若爱可以香气四溢》
257,book,37,43,《后来的我们》
257,movie,44,49,《系里系外》
257,position,68,68,青
257,book,73,76,《遇见》
257,position,77,78,主编
257,book,83,89,《后来的我们》
257,book,90,93,《若爱》
259,book,49,49,《
260,position,4,6,艺术家
260,position,65,68,香港歌手
261,government,3,18,淮安市公安局交巡警支队高速一大队
261,position,23,25,大队长
261,government,46,65,江苏淮安市公安局交巡警支队高速公路一大队
261,position,66,68,大队长
262,company,39,44,锐盛猎头公司
262,position,45,47,合伙人
262,organization,49,53,广东英商会
263,company,11,13,久游网
263,game,37,41,《劲舞团》
263,address,43,48,西直门火车站
263,book,90,103,《喷火i型战斗机驾驶员须知》
263,organization,128,130,沙尔克
263,organization,139,143,沙尔克04
263,organization,151,152,荷兰
263,position,160,161,主帅
263,name,162,163,鲁滕
263,name,165,167,特温特
263,book,175,180,《天龙八部》
263,book,186,192,《射雕英雄传》
263,organization,198,200,雷吉纳
263,organization,220,220,博
264,name,0,2,桑德勒
264,address,7,8,香港
264,movie,31,40,《我盛大的同志婚礼》
264,organization,43,44,福彩
264,position,47,47,工
264,organization,68,70,福彩中
265,name,56,58,jks
265,position,79,91,中国国际慈善基金会常务理事
265,position,93,95,贤首宗
265,name,102,102,格
266,address,21,30,大兴区庞各庄镇王场村
266,organization,70,74,北京市青联
266,address,78,89,北京大兴区庞各庄镇王场村
267,name,48,50,程冠青
267,position,68,68,台
268,address,17,25,济南经二纬二老邮局
268,company,29,32,集邮公司
268,name,47,50,沃尔贝克
268,name,53,57,赫拉克勒斯
268,name,62,65,荷华高斯
269,movie,11,16,《魔法奇缘》
269,movie,54,57,《篱笆》
269,book,86,91,《21世纪》
270,position,53,65,浙江文学院院长国家一级作家
271,movie,7,11,《红梅赞》
271,movie,17,22,《太平天国》
271,movie,23,28,《大清风云》
271,movie,29,34,《中国家庭》
271,movie,35,38,《闪婚》
271,movie,39,43,《甜蜜蜜》
271,movie,44,51,《钱多多嫁人记》
271,position,53,53,作
271,position,56,58,主题歌
271,name,62,64,宋祖英
271,name,65,66,谭晶
271,name,67,68,孙楠
273,name,39,39,文
273,movie,66,69,《文革》
273,position,70,70,总
273,position,71,72,导演
273,position,74,79,商务文化学者
274,organization,29,29,贵
274,organization,59,66,贵州省志愿者协会
275,government,11,13,公安部
275,government,16,21,国际刑警组织
275,government,30,39,福建省公安厅经侦总队
275,name,46,48,陈宝存
275,company,60,61,万科
275,name,75,77,任志强
275,position,99,99,专
275,position,128,128,演
275,position,133,133,体
276,address,30,30,南
276,position,63,65,摄影师
276,company,67,68,刘方
277,government,17,17,虎
277,government,24,25,英军
277,address,51,54,苏园中国
277,position,92,92,学
277,address,100,103,文林校区
277,game,138,144,《dota2》
277,game,159,160,in
278,name,16,18,冯迪索
278,name,20,27,vindiese
278,position,31,31,主
278,address,52,53,河北
278,name,60,62,李振家
278,book,80,87,21世纪经济报道
278,position,88,89,记者
278,name,90,92,陈小莹
278,position,93,94,实习
278,position,88,89,记者
278,name,97,98,杨澜
278,government,99,100,央行
278,company,140,140,商
278,book,165,165,新
278,position,168,169,记者
278,game,186,190,魔兽争霸3
278,company,226,229,民生银行
278,position,239,241,理财师
279,name,0,2,曾梵志
279,book,36,42,《艺术与市场》
279,scene,48,50,泰姬陵
279,name,57,59,沙贾汗
279,scene,108,109,洱海
279,address,128,129,海西
279,company,158,161,民族证券
279,position,162,164,分析师
279,name,165,166,张景
279,government,180,180,新
279,government,186,191,印度国防部7
280,organization,0,1,莱切
280,organization,0,1,莱切
280,organization,23,24,罗马
280,government,57,61,消费者组织
280,game,103,105,war
281,company,0,3,花旗银行
281,company,5,8,美联银行
281,address,35,36,纽约
281,scene,50,53,省博物馆
282,address,0,9,哈尔滨airwalk
282,address,16,38,哈尔滨市南岗区学府三道街3-1号（与征仪路交口
282,organization,69,75,黑龙江省科学院
283,name,0,3,paul
283,name,11,15,保罗柯艾略
283,book,25,34,《牧羊少年奇幻之旅》
283,name,64,64,柯
283,position,79,80,作家
283,name,81,91,paulocoelho
284,address,4,9,l'hosp
284,organization,27,30,巴塞罗那
284,organization,43,49,巴塞罗那足球队
284,position,51,52,门将
284,organization,55,62,西班牙国家足球队
284,organization,64,68,巴塞罗那队
284,position,69,71,守门员
285,address,18,20,泉州地
285,company,26,27,工行
285,company,29,30,农行
285,company,32,33,中行
285,company,35,36,建行
285,company,38,39,交行
285,name,45,46,张伟
285,scene,72,75,仁明公园
285,government,150,151,日军
285,address,156,158,台儿庄
285,government,165,166,日军
286,address,32,33,北京
286,address,39,40,上海
286,company,42,43,广州
286,company,45,46,花旗
286,address,50,50,美
286,address,86,88,西直门
286,company,106,121,携程旅游信息技术（上海）有限公司
286,company,131,140,上海携程商务有限公司
286,company,133,134,携程
286,government,165,170,中国人民银行
286,movie,195,203,在恶魔知道你死前》
286,movie,205,211,《查理的战争》
286,position,217,217,奥
287,government,63,78,上海市公安局普陀分局白丽路派出所
287,position,79,80,民警
288,company,13,24,虹虹动漫文化传播有限公司
288,name,54,56,王虹虹
288,position,58,65,中国作家协会会员
288,position,67,67,动
289,book,2,9,《小孩儿，来啦》
289,movie,2,2,《
289,book,19,28,《水墨婴儿视觉绘本》
289,book,29,34,《馒头宝宝》
289,book,44,47,小青花》
289,movie,52,58,《小鱼的春天》
289,movie,59,64,《圣诞雪人》
289,position,71,71,儿
290,position,31,33,副主席
290,name,34,36,焦瑾璞
290,position,38,39,记者
290,organization,43,49,04加拉塔萨雷
290,organization,52,56,梅塔利斯特
290,organization,59,60,东风
290,address,75,87,海口市南海工业大道65号电
290,government,105,109,山东省政府
290,company,126,131,农村商业银行
290,government,135,135,省
290,position,137,137,社
290,government,154,155,央行
290,name,0,-1,[UNK]
290,book,192,196,咏远有李》
290,name,200,201,哈文
290,name,0,-1,[UNK]
291,name,25,27,李志辉
292,government,54,64,陕西省商洛市镇安委员会
292,position,65,66,青年
292,position,67,69,志愿者
293,organization,2,4,奥尔堡
293,organization,7,14,凯尔特人凯尔特人
293,address,42,50,华中科技大学体育馆
294,movie,24,30,《忽然謎女郎》
294,movie,32,39,《特務喜羊羊》系
294,name,47,49,耿启文
294,position,52,55,香港作家
294,position,57,58,编剧
294,movie,65,69,《铁三角》
294,name,70,71,徐克
295,book,9,12,纽约时报
295,movie,22,29,《与上帝的契约》
295,movie,31,38,《背叛者的徽章》
295,movie,40,46,《上帝的间谍》
295,name,49,53,胡安•高美
295,book,74,78,纽约时报榜
296,name,7,9,尼美根
296,address,14,16,俄罗斯
296,position,20,22,主教练
296,name,23,24,比恩
296,name,28,32,范马尔维克
296,position,34,34,助
296,address,43,46,广东佛山
296,company,52,59,星展银行香港分行
296,game,86,89,dota
296,game,92,92,幻
297,company,56,70,陕西易居不动产投资顾问有限公司
298,organization,0,6,清华大学出版社
298,organization,61,71,清华大学出版社文泉书局
299,position,2,3,摄影
299,position,4,6,记者/
299,name,7,8,吴军
299,movie,14,20,《查理的战争》
299,movie,43,46,《赎罪》
299,scene,53,55,巴厘岛
299,scene,57,59,爪哇岛
299,scene,67,69,美娜多
299,position,106,107,游客
299,scene,131,133,世博园
300,name,0,6,shinobi
300,position,10,12,wow
300,position,16,17,rl
300,game,19,19,c
300,company,69,70,开开
300,position,73,80,执行董事&ceo
301,company,0,1,交行
302,position,62,62,时
302,company,68,80,深圳市东印文化传播有限公司
303,government,10,14,日本共同社
303,government,18,27,美国参议院拨款委员会
303,company,43,48,携程国旅公司
304,organization,0,3,浙江医院
304,position,29,30,教授
304,position,32,36,硕士生导师
304,position,39,47,中国睡眠研究会理事
304,organization,66,69,浙江医院
304,position,74,74,内
305,position,0,13,中央国家机关书画协会常务理事
305,position,15,30,中华海峡两岸企业交流协会副理事长
305,position,32,44,中华全国理事长协会副总会长
305,position,46,59,广东省东莞巿浙江商会名誉会长
305,position,60,60,「
305,position,61,63,收藏家
305,position,66,79,中国民营企业家协会常务副会长
306,position,56,68,香港贸发局服务业传讯副经理
307,address,16,35,亦庄经济技术开发区北环西路企业文化园对面
308,organization,7,9,爱尔兰
308,organization,15,17,曼城队
308,organization,25,27,切尔西
309,name,0,2,李志洲
309,movie,19,19,《
309,movie,36,36,《
309,movie,42,42,《
309,name,64,65,赵强
309,position,78,81,原创歌手
309,movie,88,88,《
309,movie,88,88,《
310,movie,50,54,《变形金刚
310,position,73,76,捕鱼达人
311,game,2,8,《现代战争2》
311,game,26,39,《gameinformer》
311,scene,45,46,苦路
311,scene,47,57,viadolorosa
311,scene,59,62,圣墓教堂
311,company,100,107,三菱东京日联银行
311,game,126,128,星际2
312,government,0,0,美
312,company,41,45,重庆农商行
312,company,47,54,天津农村合作银行
313,address,1,1,首
313,address,3,4,金边
313,address,6,7,吴哥
313,address,12,14,柬埔寨
314,position,76,79,平面模特
315,government,6,7,海军
315,address,17,19,尼南部
316,government,57,70,浙江省瑞安市公安局飞云派出所
317,company,21,21,零
318,position,6,11,汉味小品演员
318,position,24,32,武汉戏剧家协会主席
318,position,48,56,武汉戏剧家协会主席
318,position,71,71,话
318,position,77,77,汉
320,address,2,7,福州火车站附
320,company,9,13,兴业银行自
320,government,41,43,发改委
320,name,74,76,周清来
320,government,93,97,法院执行部
320,government,104,104,警
320,government,127,127,行
320,company,139,142,邮储银行
320,position,143,143,人
320,position,146,147,记者
320,organization,152,157,保险行业协会
321,organization,4,6,汉诺威
321,organization,9,11,卡尔斯
321,position,14,15,记者
321,name,16,17,玺润
321,address,1,3,兰会所[UNK]
321,name,52,54,刘小东
322,organization,6,9,德国洪堡
322,position,10,11,学者
322,position,13,13,离
322,company,54,60,gfchina
322,company,66,71,绿野资本集团
322,position,72,77,大中华区主席
323,name,0,2,金石开
323,name,10,14,加斯佩里尼
323,name,17,19,斯库利
323,name,28,30,久里奇
323,name,32,33,莫塔
323,name,37,39,马伟豪
323,movie,42,46,《爱得起》
323,movie,50,53,《蝎子》
324,address,33,35,236
324,name,42,44,胡文和
324,scene,47,52,四川石刻艺术
325,name,0,3,马卡罗夫
325,government,20,24,俄罗斯海军
325,name,46,49,博纳佐利
325,name,51,54,卡拉乔洛
325,position,62,63,中锋
325,name,67,69,卡萨诺
325,game,87,93,《刺客信条2》
325,organization,107,109,阿森纳
325,organization,112,114,迪纳摩
325,position,155,157,理财师
326,movie,30,36,《二兔等着瞧》
326,position,37,37,主
326,book,50,50,《
326,position,57,57,主
326,name,73,73,二
327,company,59,72,北京和生金房地产经纪有限公司
327,position,73,76,执行总裁
328,name,0,1,十字
328,position,9,11,插画师
328,position,13,15,建筑师
328,company,28,29,暴雪
328,position,74,76,插画师
328,position,77,79,建筑师
329,government,23,24,央行
329,government,67,68,印度
329,name,76,77,谢晋
329,name,85,86,谢晋
329,organization,106,106,福
329,movie,123,129,《萨维奇一家》
329,movie,130,130,（
329,movie,131,140,thesavages
330,position,0,0,当
330,company,15,26,上海守白文化艺术有限公司
330,position,27,30,艺术总监
330,position,39,39,海
330,position,48,57,上海市美术家协会会员
331,movie,2,15,哈利波特和混血王子华纳219
331,government,27,31,香港金管局
331,company,35,38,渣打银行
331,name,68,72,filip
331,government,106,112,美国海军陆战队
331,name,122,125,扎卡耶夫
331,book,139,146,《百姓地产》杂志
331,position,148,149,主编
331,name,150,152,吴海花
331,position,159,161,主持人
331,organization,179,179,博
331,organization,193,196,那不勒斯
331,address,208,210,武汉市
331,position,223,224,记者
331,government,228,232,街道办事处
332,government,6,7,欧盟
332,government,77,78,美军
332,company,84,88,香港佳士得
332,address,108,110,翰海秋
332,scene,125,128,翡翠公园
333,position,2,2,水
333,position,10,26,中国肖像漫画家学会筹备委员会会长、
333,position,27,34,中国画院副秘书长
333,position,36,43,央视专业栏目评委
333,position,45,51,著名节目主持人
333,name,52,54,毕福剑
333,position,56,59,绘画老师
333,position,62,77,中国肖像漫画家学会筹备委员会会长
333,position,79,86,中国画院副秘书长
334,position,0,0,海
334,organization,44,52,美国独立精神电影节
335,company,0,3,花旗银行
336,government,27,30,中央军委
336,government,36,36,中
336,game,54,60,《007夜火》
336,game,62,70,《半条命蓝色行动》
336,game,72,80,《半条命针锋相对》
336,organization,124,125,西甲
336,organization,130,132,维尔瓦
336,organization,134,136,阿尔梅
336,organization,145,148,ac米兰
336,organization,150,151,巴萨
336,organization,157,158,桑普
336,scene,175,177,博物馆
337,game,0,4,《赛拉斯》
337,company,43,60,鑫视空间（北京）装饰艺术空间有限公司
337,position,61,63,总经理
337,name,64,65,佘达
337,book,66,69,射雕传》
337,book,71,73,《神》
337,book,74,77,《情夫记
337,book,78,81,《天八》
337,book,82,86,《笑傲江》
337,book,88,90,《鹿记
337,name,94,95,金庸
337,address,126,127,西昌
337,name,225,226,金庸
338,government,9,14,金融监管机构
338,position,17,19,银行家
339,name,5,9,carol
339,position,65,66,作家
339,position,68,69,编剧
339,name,70,72,林静宜
339,movie,86,89,《蝶葬》
340,position,22,22,投
341,position,5,5,法
341,position,10,11,刑警
341,position,17,18,巡警
341,position,24,27,交通警察
341,position,33,34,律师
341,position,53,57,心理咨询师
341,government,68,82,福建省厦门市公安局交通警察支队
341,position,83,84,民警
342,game,0,4,星际争霸2
342,game,11,19,英雄联盟（lol）
343,government,0,7,漳州市食药监管局
343,position,8,16,机关党委专职副书记
343,position,18,24,中国法学会会员
343,position,26,34,中国散文家学会会员
343,book,38,38,《
343,government,67,80,福建漳州市食品药品监督管理局
343,position,81,81,机
343,position,91,97,中国法学会会员
343,position,99,107,中国散文家学会会员
344,address,4,4,伦
344,position,17,19,留学生
344,address,21,24,纽卡斯尔
344,address,48,49,岘港
344,address,62,63,岘港
344,address,62,63,岘港
344,address,62,63,岘港
344,name,79,86,penisson
344,company,100,104,维旺迪集团
345,address,17,22,特拉法加广场
345,game,49,54,超世纪战警游
345,name,66,68,冯迪索
345,name,70,77,vindiese
345,government,115,116,央行
346,organization,36,41,江东交警二中
346,government,57,70,宁波市公安局交警支队江东大队
346,position,71,72,民警
347,position,0,2,漫画家
347,position,4,9,资深漫画教师
347,position,11,13,插画师
347,name,17,18,娜娜
347,book,22,24,卡通王
347,book,26,29,卡通先锋
347,position,46,48,漫画家
347,movie,49,52,暗夜公爵
347,movie,58,58,：
347,movie,59,64,《人鱼之海》
348,name,0,2,刘新惠
348,position,4,9,西泠印社社员
348,position,11,19,中国书法家协会会员
348,position,32,33,社长
348,position,44,54,职业艺术品投资评估专家
348,position,59,61,书法家
348,book,65,69,《藏-品》
348,book,70,72,《瞻》
348,position,79,80,社长
348,position,82,82,职
348,company,94,97,保利拍卖
348,position,98,102,首席拍卖师
349,book,4,7,《硬汉》
349,book,11,25,《嘉人marieclaire》
349,company,33,36,新浪娱乐
349,name,45,46,马?
349,company,70,73,华润置地
349,name,87,87,杨
349,position,88,89,主编
349,government,110,118,住房和城乡建设部（
349,government,0,10,[UNK]建设部[UNK]）
349,position,127,129,副部长
349,name,130,131,齐骥
349,name,137,139,许鞍华
349,movie,146,150,《雾之恋》
349,movie,167,167,《
349,company,191,198,中国工商银行总部
349,name,0,-1,马?
350,position,85,85,言
350,book,92,97,《红尘未醒》
350,book,99,104,《画堂春慢》
351,movie,2,9,《南京！南京！》
351,game,24,27,星战之路
351,game,33,39,《魔兽争霸3》
351,name,43,44,夏姿
351,game,108,118,《cityville》
351,address,140,145,蓝桥名苑小区
352,position,0,0,艺
352,name,7,9,谢容儿
352,name,10,12,江若琳
352,address,14,15,香港
352,name,17,19,王志心
352,name,34,34,王
352,company,61,68,北京鸟人艺术公司
353,position,0,0,電
353,company,10,14,河洛工作室
353,movie,20,26,<金庸群俠傳>
353,movie,28,34,<武林群俠傳>
353,movie,36,42,<三國群俠傳>
353,game,54,60,《金庸群侠传》
353,game,64,70,《武林群侠传》
353,position,61,61,单
353,position,74,76,制作人
354,position,0,8,著名喜剧表演艺术家
354,position,10,15,国家一级演员
354,position,78,78,著
354,position,85,90,国家一级演员
355,book,2,10,《如果时光忘记了》
355,position,56,57,作家
356,position,0,5,著名钢琴家，
356,position,6,9,指挥家，
356,position,10,23,上海东方艺术中心艺委会副主席
356,position,25,30,法国文学艺术
356,position,51,56,著名钢琴家，
356,position,57,59,指挥家
356,position,76,87,上海东方交响乐团音乐总监
357,position,10,10,农
357,position,27,29,农企家
357,position,61,69,85后音乐唱作人/
357,position,70,72,演员/
358,book,0,0,《
358,book,7,14,中国律师纵横谈》
358,book,16,16,《
358,movie,35,35,《
358,position,67,71,法律观察家
359,name,0,1,虹鸣
359,position,3,4,画家
359,position,6,18,完全美学主义绘画艺术创始人
359,movie,25,33,《谁在制造恐怖？》
359,movie,35,40,《豹王系列》
359,movie,42,46,《她系列》
359,movie,48,56,《红楼梦人物系列》
359,position,60,61,著名
359,position,62,64,油画家
359,name,65,66,虹鸣
360,organization,0,0,欧
360,organization,26,27,曼城
360,organization,33,35,联盟杯
360,game,43,49,《braid》
361,position,0,2,演员.
361,position,3,5,主持人
361,name,28,30,邵小珊
361,position,50,51,演员
361,position,53,55,主持人
361,movie,59,65,《春天花会开》
361,movie,67,70,《手机》
362,name,15,16,嘉慧
362,name,69,70,燕妮
362,position,86,86,著
363,name,16,18,莊思明
363,name,55,57,梁國中
364,position,50,50,全
365,position,0,1,记者
365,company,4,9,中国工商银行
365,position,30,31,记者
366,organization,0,0,宫
366,organization,2,3,西甲
366,organization,7,8,博冷
366,organization,11,14,巴塞罗那
366,organization,15,16,马竞
366,position,22,23,作家
366,name,24,25,石悦
366,book,27,36,《明朝那些事儿》作者
367,position,44,44,画
367,position,68,87,职业画家南京博物院客座研究员特聘鉴定顾问
368,government,20,34,住房和城乡建设部科学技术委员会
368,position,35,39,常务副主任
368,position,71,71,选
368,position,85,86,记者
369,book,22,32,《朱文公校昌黎先生集》
369,government,57,68,锦江公安分局督院街派出所
369,government,96,97,央行
369,book,103,113,《银行卡业务管理办法》
369,company,140,143,新浪乐居
369,position,144,146,总经理
369,name,147,148,罗军
369,company,157,160,沪上银行
371,name,1,4,川島海荷
371,name,6,9,佐武宇綺
371,name,11,14,村田寛奈
371,name,16,20,吉井香奈恵
371,name,22,25,西脇彩華
372,address,6,19,华威五楼至七楼，中友百货门口
372,name,51,53,蔡康永
373,scene,2,6,汉密尔顿岛
373,scene,18,23,艾尔利小镇一
374,position,0,0,当
374,address,17,25,北京人民大会堂东大
374,address,56,57,北京
374,position,66,67,画家
374,position,69,69,当
374,address,86,94,北京人民大会堂东大
374,book,100,100,《
375,name,87,87,曹
376,name,2,4,李聖傑
376,address,88,88,台
377,address,20,22,好莱坞
377,name,45,47,埃雷拉
377,organization,49,54,沃克艺术中心
377,position,55,56,主任
378,name,15,17,林散之
378,name,19,21,钱松?
378,name,23,25,魏紫熙
378,name,27,28,亚明
378,name,37,39,徐乐乐
378,game,47,53,《模拟人生3》
378,organization,60,68,广东金融学院博物馆
378,position,69,70,馆长
378,name,71,73,吴文忠
379,position,0,5,中国作协会员
379,book,12,18,《翅膀的痕迹》
379,book,20,25,《书女清语》
379,book,29,33,《莲女子》
379,book,44,48,《莲女子》
379,position,61,66,中国作协会员
379,book,73,78,《书女清语》
379,book,82,86,《莲女子》
380,name,75,76,灵雪
380,book,80,84,《琉璃砂》
380,book,86,91,《建城大业》
381,company,80,83,星橙传媒
382,government,36,37,美军
382,position,44,44,（
382,position,45,46,记者
382,name,47,49,赖伟行
382,government,68,78,广州市国土房管局中介所
382,position,79,80,所长
382,name,81,83,史小明
382,position,124,127,客户经理
382,name,175,177,金石开
382,address,181,183,赫尔城
382,address,193,193,英
382,position,202,203,前锋
382,name,204,206,马龙·
382,position,207,209,理财师
382,name,210,210,刘
383,organization,17,24,中国房地产业社会
383,organization,26,32,中国摄影家协会
383,book,34,43,《中国国家地理》杂志
383,company,46,48,新浪网
383,book,50,53,理财周报
383,position,54,55,记者
383,name,56,58,李峻岭
383,organization,75,77,act
383,game,96,100,《魔兽世界
383,company,102,105,国泰君安
383,position,106,111,首席经济学家
383,name,112,114,李迅雷
383,company,121,124,交通银行
383,position,125,130,首席经济学家
383,name,131,132,连平
383,game,150,152,war
383,book,185,190,《大众软件》
383,government,194,197,广州市委
383,position,198,199,常委
383,position,201,205,常务副市长
383,name,206,208,苏泽群
383,government,232,233,政府
384,company,1,10,squareenix
384,game,31,37,《最后的神迹（
385,name,0,1,瓦就
385,movie,27,36,《霸王掠爱：燕云劫》
385,position,43,43,网
385,name,47,50,黑夜幻灵
385,book,54,61,《青花瓷的思念》
385,book,63,72,《霸王掠爱-燕云劫》
386,position,0,1,经理
386,name,3,4,张辉
387,organization,6,10,dance
387,position,39,39,編
387,name,60,63,miss
387,name,69,71,羅志祥
387,name,72,74,蕭亞軒
387,name,75,77,李玖哲
387,name,78,79,關穎
387,name,80,82,王力宏
387,position,89,90,舞者
387,name,92,94,萧亚轩
387,name,96,98,罗志祥
387,name,100,102,张惠妹
387,position,115,118,编舞老师
388,book,0,5,《以彼之名》
388,book,17,20,u17.
388,book,46,52,《中国漫画》杂
389,position,2,4,留学生
389,name,5,7,杨振兴
389,name,13,14,周茜
389,address,34,40,纽卡斯尔的寓所
389,address,43,45,长白山
389,address,94,104,新安碑园曹氏二宅斗山街
389,book,117,117,新
389,movie,140,143,《硬汉》
389,government,160,162,卫生部
389,scene,188,190,阜景街
389,scene,192,196,历代帝王庙
389,scene,198,202,妙应寺白塔
389,scene,204,206,广济寺
389,scene,208,213,鲁迅博物馆、
389,scene,214,220,皇城根遗址公园
389,scene,222,226,北海公园、
389,scene,227,230,景山公园
390,address,5,6,梅阿
390,position,11,11,文
390,position,16,16,防
390,name,22,23,巴乔
390,position,33,33,顽
390,movie,39,39,羊
390,position,46,47,作家
390,position,49,51,策划人
390,movie,56,58,《荡》
390,movie,59,64,《惘人日记》
390,movie,65,73,《给福尔摩斯的信》
391,organization,3,19,浙江省技术性贸易措施研究与应对中心
391,organization,21,23,浙江省
391,position,41,41,主
391,organization,66,86,浙江省标准化研究院技术贸易措施研究应对中心
392,name,3,6,long
392,address,15,16,陇东
392,address,21,22,庆阳
392,name,55,55,知
392,book,75,75,《
393,position,4,4,钻
394,address,15,18,scra
394,address,52,65,东南五环光机电产业基地核心区
395,position,2,3,记者
395,name,4,6,汤白露
395,address,9,16,北京香格里拉大道
395,address,46,48,大使馆
395,position,107,109,艺术家
396,position,50,50,规
396,position,58,59,专家
397,position,10,11,作家
397,position,13,17,人像攝影師
397,company,20,23,香港文化
397,position,40,42,創辦人
397,movie,48,54,《鳴動的信仰》
397,position,63,66,香港作家
397,movie,70,75,《信仰临界》
397,movie,77,81,《城巿思》
398,scene,0,3,维拉公园
398,address,35,36,维拉
398,scene,42,48,王朗自然保护区
398,name,103,103,马
398,position,104,105,老师
398,name,126,126,皮
398,organization,169,170,意甲
399,company,18,21,普益财富
399,position,24,25,专家
399,company,42,46,ehome
399,game,90,111,《英雄连（companyofheroes）》
399,book,139,145,《吴三桂演义》
399,book,147,151,《铁冠图》
399,name,154,156,李自成
400,name,5,7,张小姐
400,name,23,23,z
400,company,23,23,z
400,company,39,42,上海最世
400,book,53,61,《任凭这空虚沸腾》
400,book,65,69,《下垂眼》
401,position,42,44,主持人
401,company,48,51,新浪乐居
401,company,64,67,新浪乐居
401,book,103,103,护
401,book,111,111,第
401,book,132,135,《元尊》
401,position,160,160,信
401,position,163,164,专家
401,address,175,177,香港路
401,company,212,215,东亚银行
401,company,220,221,东航
401,company,223,224,国航
402,movie,4,9,《婚姻密码》
402,movie,10,14,《雪域情》
402,movie,15,21,《小小飞虎队》
402,movie,22,28,《北京人事件》
402,movie,29,35,《甜蜜的烦恼》
402,movie,36,41,《我的爸爸》
402,movie,42,48,《阿里山女儿》
402,movie,49,57,《外国小孩中国爸》
402,movie,58,61,《军嫂》
402,movie,62,67,《海洋朋友》
402,position,69,70,导演
403,book,9,18,《consoles》
403,address,29,31,李家沟
403,address,33,34,撒东
403,address,62,64,董家河
404,position,14,19,全国文联委员
404,position,21,28,中国杂技协会主席
404,position,30,41,山东省及济南市文联副主席
404,position,43,55,山东省及济南市杂技协会主席
404,position,57,63,济南杂技团团长
404,position,65,66,书记
404,position,69,75,全国人大代表，
404,position,76,85,中国杂技家协会副主席
404,position,87,94,济南市文联副主席
405,address,3,7,合生世界村
406,government,41,41,外
406,address,64,65,广安
406,address,69,74,重百武胜商场
406,address,77,89,建设南路广安市重百武胜商场
406,name,90,92,吴永亮
406,company,99,106,中国邮政集团公司
406,position,149,150,主任
406,name,151,153,王为民
406,position,177,179,收藏家
407,position,0,8,文化创意产业研究者
407,position,10,12,教师。
407,position,13,19,创意产业策划人
407,position,21,21,时
407,position,24,28,艺术批评者
407,position,30,32,艺术家
408,position,67,68,知名
408,position,69,73,摄影艺术家
409,position,60,62,创始人
409,position,63,67,首席摄影师
410,game,26,36,《hovertank》
410,movie,43,59,《地下皇陵》如来神掌第四集大结局》
410,movie,61,64,《冬恋》
410,movie,66,74,《姑娘十八一朵花》
410,movie,76,81,《冷暖青春》
410,movie,83,88,《人海奇花》
410,movie,90,97,《昨天今天明天》
410,name,102,103,于海
411,position,0,0,歌
411,movie,7,7,《
411,movie,7,7,《
411,name,30,30,小
411,position,63,72,成都市未成年犯管教所
411,position,73,74,狱警
411,position,76,77,歌手
411,name,78,79,陈文
412,government,71,84,许昌市西关派出所社区警务大队
412,position,89,90,民警
413,position,0,5,中国作协会员
413,book,11,16,《漂在北京》
413,book,32,35,新浪文化
413,book,48,51,book
413,position,100,100,作
413,book,106,111,《漂在北京》
414,government,37,50,江苏省昆山市公安局朝阳派出所
414,position,51,52,民警
414,name,53,55,王朝曦
414,position,68,68,当
415,government,3,6,住保部门
416,book,2,7,《天长地久》
418,position,0,7,古玉真研社创始人
418,position,66,73,古玉真研社创始人
418,position,75,81,资深古玉收藏家
419,company,7,12,英国必发公司
419,organization,22,25,博洛尼亚
419,organization,42,44,巴勒莫
419,position,74,75,记者
419,name,76,78,姚均芳
419,name,86,88,曹鹏飞
419,name,90,92,蔡朝阳
419,address,98,99,益阳
420,government,11,16,原国家建设部
420,position,17,19,副部长
420,name,20,22,刘志峰
420,organization,25,25,世
420,organization,51,54,维拉利尔
420,organization,57,58,曼联
420,organization,63,64,曼联
420,organization,74,75,奥运
420,address,95,96,世博
420,address,98,100,中国馆
420,organization,130,132,莫陆军
420,organization,144,146,莫斯巴
421,position,56,58,摄影师
421,company,60,67,杰森映画摄影机构
422,organization,0,10,内蒙古呼伦贝尔冬泳协会
422,name,11,12,刘翼
422,organization,15,21,呼伦贝尔市政协
423,book,69,79,中国建设报/国土资源报
424,company,18,18,易
425,book,5,10,《文章名称》
425,game,15,19,《潜行者》
425,game,32,40,生存之旅：生存包》
426,position,69,69,新
426,book,76,76,《
427,name,6,8,李倫合
427,organization,9,9,钻
427,game,30,33,王者荣耀
427,address,35,38,汉出廓壁
427,address,95,95,金
428,company,36,36,维
428,name,45,45,李
428,position,65,65,金
429,scene,4,6,美术馆
429,position,7,7,参
429,address,29,30,英国
429,address,67,79,窦店高端现代制造业产业基地
429,address,81,93,房山中央休闲购物区（csd
429,government,105,105,纳
430,name,0,1,[UNK]伟
430,position,3,5,山东人
430,position,7,12,著名重彩画家
430,position,14,16,摄影家
430,position,18,24,国家一级美术师
430,position,48,50,艺术家
430,position,52,65,佛山科技学院文艺学院副教授。
430,position,67,72,著名重彩画家
430,position,74,80,国家一级美术师
430,organization,82,95,广东佛山科技学院陶艺设计学院
431,company,14,27,美国泉源国际文化交流有限公司
431,position,28,30,创办人
431,company,61,74,美国泉源国际文化交流有限公司
432,government,11,11,国
432,government,16,18,国务院
432,government,35,36,央行
432,book,37,47,《银行卡业务管理办法》
432,government,49,50,美军
432,government,78,79,陆军
432,company,92,102,中国银行湖南省分行银行
432,name,105,106,张政
432,organization,116,120,克莱登大学
433,name,0,1,六月
433,name,2,3,莫言
433,position,49,49,网
433,book,59,67,《结婚，你敢吗？》
433,book,68,71,《没事别
434,name,22,25,阿旺南卓
434,name,58,58,阿
434,address,67,71,扎什伦布寺
435,book,79,83,《看天下》
435,book,85,89,《大学生》
436,government,0,10,福清市公安局龙山派出所
436,government,71,87,福建省福清市公安局龙山派出所综合股
436,position,88,89,民警
437,address,32,33,上海
437,organization,59,60,纽卡
437,organization,80,82,切尔西
437,organization,96,97,切沃
437,company,106,109,博彩公司
437,name,143,144,李彬
437,name,145,147,周静雅
437,name,148,149,詹俊
437,organization,155,157,博尔顿
437,organization,163,164,红军
437,position,165,166,枪手
437,name,170,177,anschutz
437,organization,183,187,洛杉矶银河
437,position,189,190,老板
437,organization,197,199,阿什利
437,organization,204,205,纽卡
438,position,46,54,铁人三项国家队队员
438,organization,56,60,伦敦奥运会
438,position,66,66,亚
439,address,20,21,江西
439,address,25,26,湖广
439,organization,30,31,清华
439,organization,35,36,北大
439,company,40,41,万科
439,company,45,47,碧桂园
439,company,70,72,碧桂园
439,position,75,77,副总裁
439,address,79,79,湘
440,organization,18,20,西布朗
440,company,31,33,博天堂
440,company,35,36,澳彩
440,company,52,66,flyingfishworks
440,book,87,90,《恶人：
440,name,91,92,李洱
440,book,109,113,《应物兄》
440,name,176,178,萧照兴
440,position,185,186,指挥
441,name,0,2,吳承鳳
441,name,8,9,吳鳳
441,address,13,15,土耳其
441,position,26,27,演員
441,position,29,31,表演者
441,position,33,34,作家
441,position,85,93,台湾电视节目主持人
441,position,95,96,演员
441,name,97,99,吴承凤
441,movie,103,110,《我的完美男人》
441,name,114,115,马西
442,name,0,2,吴冠中
442,book,3,6,《池塘》
443,organization,0,0,【
443,organization,65,65,咕
444,position,2,4,希特勒
444,position,7,7,穷
444,position,8,10,艺术家
444,name,33,41,gregkeyes
444,game,45,50,《地狱之城》
444,address,53,57,广西巴马地
445,company,68,79,中易安房地产担保有限公司
445,position,80,82,副总裁
446,organization,5,5,台
446,position,19,20,大學
446,organization,31,31,北
446,name,41,43,孔維勤
446,book,47,52,《大道在心》
446,name,55,57,孔維勤
446,name,59,61,鬼谷子
446,book,62,66,《言謀天下
446,position,71,79,台湾孔子协会理事长
447,address,0,40,km红旗区骆驼湾新村53号2.4竹馨居河南省新乡市红旗区荣km校东路599号1-1
447,address,45,48,环海西路
447,scene,57,58,洱海
447,address,74,75,白族
447,book,105,109,《指环王》
448,organization,0,1,巴萨
448,organization,4,6,赫塔菲
448,address,34,35,湘a
448,address,39,43,长乐镇东巷
449,company,0,9,新城控股投资发展中心
449,position,13,16,老师记者
449,company,64,73,新城控股投资发展中心
450,company,1,5,sla文化
450,position,40,43,韩国演员
450,movie,48,55,《月亮怀抱太阳》
450,movie,56,66,《dreamhigh》
451,address,4,6,广州地
451,company,9,12,中信银行
452,position,64,66,共青团
453,name,12,13,ci
453,game,28,31,变形金刚
455,name,0,2,张云成
455,book,5,14,《假如我能行走三天》
455,book,16,24,《换一种方式飞行》
455,company,26,27,鹏成
455,movie,58,67,《假如我能行走三天》
455,book,69,77,《换一种方式飞行》
455,position,78,79,作者
456,book,31,38,《中国国家地理》
456,position,44,46,大学生
456,address,67,68,美国
456,address,77,90,旧金山moscone会议中心
457,scene,1,4,玉龙雪山
457,scene,14,16,泸沽湖
458,address,9,16,索维娅国际艺术村
458,government,33,33,银
458,company,40,41,成钢
459,address,57,57,迪
459,position,69,69,团
459,organization,70,73,宁夏区委
460,organization,8,8,纽
460,position,18,23,联合国公益奖
460,position,61,61,中
460,organization,108,108,联
461,movie,1,6,《美国黑帮》
461,movie,8,14,《决斗犹马镇》
461,name,27,34,詹姆斯·门戈尔德
461,name,41,44,拉塞尔·
461,name,49,50,成龙
461,scene,79,80,明朝
462,organization,54,55,巴萨
462,position,56,56,球
462,position,59,66,福布斯中文网作家
462,company,73,76,欧迅体育
462,position,77,79,董事长
463,position,38,38,民
463,organization,46,47,01
463,organization,48,50,亚特兰
463,organization,53,55,那不勒
463,position,62,63,官员
463,game,67,68,魔兽
463,organization,85,92,中央人民广播电台
463,address,96,107,郑州市中原区须水镇西岗村
463,name,123,124,海涛
463,government,155,155,敌
463,address,165,166,河西
463,address,181,181,匈
463,address,186,187,祁连
464,organization,0,7,中国产品质量协会
464,organization,79,86,中国产品质量协会
464,position,87,90,副会长兼
464,position,91,93,秘书长
465,company,0,10,时代中国文化创意产业网
465,position,46,52,山东省政协委员
465,position,54,59,青岛党校讲师
465,organization,64,64,山
465,organization,67,72,英国利兹大学
465,organization,74,83,青岛文化创意产业协会
466,position,2,3,主帅
466,name,4,6,奥尼尔
466,organization,25,29,霍芬海姆队
466,organization,32,37,比勒菲尔德队
466,organization,41,42,德甲
467,book,2,10,《生煎日本现代史》
467,name,14,16,袁腾飞
467,book,17,25,《战争就是这么回事
467,address,31,32,朝鲜
467,position,37,40,民间学者
467,position,64,65,作家
467,book,67,72,《泡菜韩史》
468,position,15,15,球
469,organization,71,77,北京标致车友会
470,position,0,8,中国书法家协会会员
470,position,20,31,黑龙江省书法家协会副主席
470,position,41,54,黑龙江当代艺术研究院名誉院长
470,position,56,66,黑龙江省政协书画院院长
470,position,56,66,黑龙江省政协书画院院长
470,position,80,91,黑龙江省书法家协会副主席
471,name,0,2,小松拓
472,position,70,71,作家
472,position,73,74,编剧
472,movie,79,83,《轮回香》
472,movie,84,89,《兄弟爱人》
473,address,1,3,绥芬河
473,address,9,10,格城
473,address,14,15,戈城
473,address,19,21,海参崴
473,address,32,32,俄
473,government,57,61,北京市建委
473,book,64,64,《
473,game,95,104,《孢子：生物管理者》
473,game,138,143,《大汉光武》
473,name,175,175,月
474,movie,21,27,《无间道风云》
474,organization,58,59,足球
474,organization,93,94,汉堡
474,organization,115,118,佛罗伦萨
474,organization,120,121,国米
474,organization,123,125,罗马城
474,organization,134,136,拉齐奥
475,address,28,31,情歌球场
476,name,12,14,张小姐
476,company,33,33,z
476,company,49,52,上海最世
476,book,60,65,《文艺风象》
476,book,74,77,《大梦》
476,book,78,82,《荣耀谱》
477,government,65,78,上海市公安局松江分局情报中心
479,organization,0,5,agwpja
479,position,12,14,摄影师
479,organization,43,44,wp
479,position,60,62,摄影师
479,position,91,92,华人
479,position,93,95,摄影师
480,company,0,22,重庆（香港）中原营销策划顾问有限公司事业部总监
480,company,68,85,重庆（香港）中原营销策划顾问有限公司
480,position,86,88,副总监
481,name,52,53,yi
481,name,95,96,de
481,address,128,128,韩
482,government,11,18,xjwh.gov
482,position,79,81,汉学家
482,address,87,88,新疆
482,position,95,98,西域史家
482,position,110,113,副所长、
482,position,114,116,研究员
483,position,36,38,理财师
485,position,61,71,beyond乐队贝斯手
485,position,73,73,创
486,company,67,70,绿地集团
486,position,75,78,企划主管
487,government,0,3,美参议院
487,government,36,37,美军
487,company,90,93,宝钢股份
488,organization,18,18,原
488,organization,19,31,北京清华城市规划设计研究院
488,position,34,38,常务副院长
488,position,40,44,高级规划师
488,organization,61,73,北京清华同衡规划设计研究院
488,position,74,78,常务副院长
489,position,0,1,歌手
489,position,3,4,演员
489,movie,8,8,《
489,movie,25,28,《追影》
489,movie,29,33,《龙凤店》
489,movie,45,50,《开门大吉》
489,position,53,56,歌手演员
489,movie,59,59,《
489,movie,66,71,《蓝色雨季》
489,movie,74,77,《追影》
490,book,0,10,《仙剑外传之臣心似水》
490,book,17,25,《杏花如梦做梅花》
490,name,50,51,du
490,position,80,80,著
490,game,92,99,《仙剑奇侠传三》
491,organization,56,60,cctv3
492,position,46,46,演
492,position,72,72,时
493,company,0,7,博汇文化传媒股份
493,position,8,10,董事长
493,position,12,20,博宏商务礼品董事长
493,position,22,30,尚品会俱乐部创始人
493,company,70,79,苏州博汇文化传媒机构
493,position,80,82,董事长
493,book,83,88,《尚品生活》
493,book,89,94,《楼市商情》
494,position,114,114,流
494,position,129,136,英国古典音乐大奖
495,company,6,11,满堂红地产网
495,position,17,17,专
495,company,64,76,满堂红（南京）置业有限公司
496,book,0,5,《青苹果树》
496,position,6,7,作者
496,book,12,16,《洛丽塔》
496,book,29,34,网易读书青春
496,position,43,44,作家
496,position,46,48,工程师
496,movie,56,61,《青苹果树》
496,company,63,67,作家出版社
497,position,0,3,香港藝人
497,position,52,52,经
497,position,83,86,香港艺人
497,position,88,91,動作演員
497,movie,96,99,耀舞長安
498,company,11,13,cog
498,position,16,16,创
498,company,62,65,炎龙科技
498,position,66,68,总经理
499,position,10,11,医师
499,position,13,16,司法警官
499,position,25,25,平
499,organization,41,42,东华
499,organization,44,45,广药
499,position,58,69,广东省东莞监狱医院医师、
